,job_name,norm_job_submit_time,ddl,A100,GTX2080Ti,V100,gpu_milli
0,openb-pod-1110,0,inf,3240.0,4705,8479,320
1,openb-pod-1464,0,inf,101751.0,200815,244483,810
2,openb-pod-3243,0,inf,3819.0,5369,9227,810
3,openb-pod-2936,0,inf,62517.0,97501,157633,810
4,openb-pod-1216,0,inf,244.0,402,647,810
5,openb-pod-1538,0,19729.0,9059.0,13319,23536,110
6,openb-pod-1460,0,inf,26313.0,43786,64780,160
7,openb-pod-1129,0,inf,11222928.0,21652757,27470231,470
8,openb-pod-2573,0,inf,5416.0,8355,13587,320
9,openb-pod-3341,0,inf,12136837.0,19123962,30268041,470
10,openb-pod-1305,0,inf,26382.0,45917,65415,810
11,openb-pod-2320,0,inf,11091403.0,16014105,28257730,470
12,openb-pod-2608,0,inf,67.0,113,174,550
13,openb-pod-1717,0,inf,11993084.0,23244594,28902232,230
14,openb-pod-2054,0,inf,55562.0,106446,137870,220
15,openb-pod-2109,0,inf,28306.0,53983,68841,160
16,openb-pod-1509,0,inf,11663565.0,21384634,29669075,470
17,openb-pod-2132,0,inf,1301.0,2599,3264,160
18,openb-pod-2097,0,inf,411.0,799,1073,810
19,openb-pod-1127,0,inf,1295.0,2101,3201,470
20,openb-pod-1162,0,inf,4103.0,7093,10318,470
21,openb-pod-2431,0,inf,2031.0,3055,5291,470
22,openb-pod-2057,0,22056.0,9409.0,17776,24371,110
23,openb-pod-1627,0,inf,150.0,291,394,810
24,openb-pod-1908,0,inf,1775.0,2939,4533,320
25,openb-pod-1960,0,inf,2721.0,3816,6576,220
26,openb-pod-2557,0,inf,11568.0,17881,30582,650
27,openb-pod-2385,0,inf,598.0,924,1488,460
28,openb-pod-1856,0,inf,884.0,1443,2155,470
29,openb-pod-3171,0,31019.0,18958.0,33122,45769,810
30,openb-pod-2073,0,inf,1127.0,2241,2897,810
31,openb-pod-1784,0,inf,4494.0,8099,10930,470
32,openb-pod-3274,0,inf,16619.0,30688,41658,460
33,openb-pod-1389,0,inf,2036.0,3538,5324,160
34,openb-pod-1611,0,12871.0,6271.0,10817,15482,470
35,openb-pod-2524,0,inf,3770.0,7164,9814,470
36,openb-pod-1688,0,inf,11303878.0,20362727,28384079,160
37,openb-pod-2651,0,inf,12290558.0,23520223,30930864,650
38,openb-pod-1278,0,inf,1607.0,2905,3893,470
39,openb-pod-3392,0,inf,511.0,1020,1257,650
40,openb-pod-2738,0,inf,164.0,241,413,810
41,openb-pod-2546,0,inf,3384.0,5123,8291,470
42,openb-pod-1599,0,inf,10542101.0,15310377,27583239,650
43,openb-pod-1356,0,inf,1227.0,2149,3072,810
44,openb-pod-3239,0,inf,1165.0,2132,2851,370
45,openb-pod-2926,0,inf,1658.0,2873,4019,810
46,openb-pod-2839,0,inf,88.0,154,224,470
47,openb-pod-1825,0,inf,10294683.0,14752969,25134970,470
48,openb-pod-2302,0,inf,44558.0,62533,118005,810
49,openb-pod-2693,0,inf,10828153.0,15172979,27403564,470
50,openb-pod-1933,0,inf,1069.0,1555,2792,370
51,openb-pod-2410,0,inf,2146.0,3707,5644,810
52,openb-pod-1977,0,inf,2123.0,3249,5278,810
53,openb-pod-1238,0,inf,11014594.0,21536239,27931083,470
54,openb-pod-1560,0,inf,12434984.0,19052929,31994517,590
55,openb-pod-1140,0,inf,745.0,1382,1891,810
56,openb-pod-1408,0,inf,1236.0,2191,3214,470
57,openb-pod-3266,0,inf,12430857.0,21424970,32787976,810
58,openb-pod-1890,0,inf,12283413.0,23832326,30284509,470
59,openb-pod-1451,0,inf,2120.0,4037,5147,650
60,openb-pod-3214,0,inf,1143.0,2181,2855,810
61,openb-pod-2362,0,inf,1174.0,2152,3037,370
62,openb-pod-2819,0,inf,967.0,1354,2440,810
63,openb-pod-2607,0,inf,10199936.0,14703653,26243988,810
64,openb-pod-1154,0,inf,1393.0,2304,3426,470
65,openb-pod-3329,0,inf,287.0,473,736,810
66,openb-pod-2968,0,inf,9925.0,17479,24549,220
67,openb-pod-3123,0,inf,11690781.0,16503429,30535895,470
68,openb-pod-1390,0,inf,5737.0,10904,13796,320
69,openb-pod-2734,0,inf,11674454.0,18149403,28639454,810
70,openb-pod-2616,0,inf,11846163.0,22703150,31227823,470
71,openb-pod-1698,0,inf,11107282.0,19494981,27432572,470
72,openb-pod-2487,0,inf,5365.0,10117,13097,480
73,openb-pod-3166,0,inf,1350.0,2490,3479,470
74,openb-pod-2722,0,inf,20410.0,29985,49200,320
75,openb-pod-2889,0,2821.0,1050.0,1992,2553,320
76,openb-pod-1742,0,inf,2917.0,4692,7376,810
77,openb-pod-2103,0,33066.0,20422.0,31358,50200,160
78,openb-pod-3038,0,inf,2100.0,3358,5316,650
79,openb-pod-2365,0,inf,14551.0,23789,37063,470
80,openb-pod-3182,0,inf,1288.0,2424,3269,320
81,openb-pod-2909,0,inf,470.0,701,1182,810
82,openb-pod-1150,0,inf,1466.0,2419,3615,470
83,openb-pod-2106,0,inf,12113262.0,19004643,31059035,470
84,openb-pod-2906,0,inf,12206.0,22435,30777,230
85,openb-pod-2232,0,inf,11570633.0,19363081,29411527,470
86,openb-pod-1244,0,inf,231.0,423,589,810
87,openb-pod-2116,0,inf,1201.0,1768,3044,320
88,openb-pod-1767,0,inf,15578.0,25537,38278,320
89,openb-pod-2728,0,inf,10993355.0,19526722,27462768,650
90,openb-pod-1339,0,inf,11264735.0,16997467,27807819,470
91,openb-pod-3105,0,25923.0,18296.0,35971,44807,220
92,openb-pod-2584,0,inf,11482810.0,20490972,28855951,470
93,openb-pod-2287,0,inf,56.0,92,142,810
94,openb-pod-2390,0,inf,2268.0,4123,5733,810
95,openb-pod-3332,0,inf,52559.0,96604,126871,460
96,openb-pod-2412,0,inf,7102.0,11866,18840,230
97,openb-pod-3411,0,inf,10282564.0,17689954,25037983,320
98,openb-pod-3012,0,inf,11842.0,21325,28437,470
99,openb-pod-1620,0,inf,3231252.0,5099568,8052763,440
100,openb-pod-1635,0,inf,12341985.0,18134469,32487369,650
101,openb-pod-1273,0,inf,25901.0,50854,63640,320
102,openb-pod-1493,0,inf,5491.0,8244,14214,320
103,openb-pod-2493,0,inf,12061.0,19076,30563,470
104,openb-pod-1710,0,inf,12113634.0,17014237,29931302,470
105,openb-pod-2627,0,inf,4554.0,6706,11081,220
106,openb-pod-2448,0,inf,1209.0,2029,3106,320
107,openb-pod-2937,0,inf,8448.0,16029,21149,320
108,openb-pod-2084,0,inf,40513.0,72415,107002,230
109,openb-pod-1776,0,inf,1864.0,3717,4897,320
110,openb-pod-1470,0,inf,30.0,56,75,550
111,openb-pod-2208,0,inf,4589.0,7506,11632,320
112,openb-pod-2714,0,inf,12374673.0,24049072,30963220,470
113,openb-pod-1857,0,inf,1180.0,1808,2923,230
114,openb-pod-3307,0,inf,11384981.0,22273570,29639397,470
115,openb-pod-1689,0,inf,3095.0,4564,7535,810
116,openb-pod-2490,0,16022.0,11907.0,22104,30103,470
117,openb-pod-2242,0,inf,2548.0,4514,6542,470
118,openb-pod-1425,0,inf,316.0,567,825,810
119,openb-pod-1597,0,inf,41740.0,65163,106133,160
120,openb-pod-1736,0,inf,283.0,473,722,810
121,openb-pod-2467,0,4320.0,2755.0,3951,7257,220
122,openb-pod-3082,0,inf,3212.0,5129,8373,650
123,openb-pod-1478,0,1479.0,1177.0,1759,2977,480
124,openb-pod-1588,0,3352.0,1384.0,2398,3525,650
125,openb-pod-2736,0,inf,11043248.0,19733980,28140550,470
126,openb-pod-2139,0,inf,3673.0,7108,8889,320
127,openb-pod-2468,0,19742380.0,10926565.0,18671902,27649608,470
128,openb-pod-2745,0,inf,1199.0,2003,3137,320
129,openb-pod-2678,0,inf,5058.0,9766,13336,470
130,openb-pod-1728,0,3190.0,2096.0,3193,5220,320
131,openb-pod-2905,0,inf,12371242.0,18707548,29980963,810
132,openb-pod-2820,0,inf,9483.0,18277,22910,470
133,openb-pod-2898,0,inf,12347206.0,21592425,31495764,810
134,openb-pod-2921,0,inf,24015.0,41101,62252,160
135,openb-pod-3301,0,inf,1001.0,1908,2639,320
136,openb-pod-1318,0,inf,3708.0,5414,9020,160
137,openb-pod-1221,0,inf,12365777.0,23439192,31145357,470
138,openb-pod-2009,0,inf,11791221.0,16665932,29960096,470
139,openb-pod-1571,0,inf,11144254.0,21234904,29643390,470
140,openb-pod-1955,0,inf,17388.0,30571,42118,220
141,openb-pod-3000,0,inf,1391.0,2046,3508,650
142,openb-pod-3170,0,inf,242.0,410,601,320
143,openb-pod-1978,0,inf,1290.0,2569,3202,320
144,openb-pod-1263,0,inf,2885.0,5005,7428,810
145,openb-pod-3380,0,inf,5868.0,8923,14990,160
146,openb-pod-2451,0,inf,6486.0,12648,16032,160
147,openb-pod-2248,0,inf,11398.0,18544,28787,220
148,openb-pod-1393,0,inf,1080.0,1740,2803,460
149,openb-pod-2829,0,inf,3442.0,5075,8551,320
150,openb-pod-1286,0,inf,20489.0,38313,49533,320
151,openb-pod-3364,0,inf,11700137.0,19268181,29126844,650
152,openb-pod-3127,0,inf,2636.0,5032,6446,110
153,openb-pod-1866,0,inf,11782313.0,19014209,30476565,470
154,openb-pod-2152,0,inf,13597.0,25115,34610,470
155,openb-pod-2304,0,inf,2719.0,5259,7231,220
156,openb-pod-1743,0,inf,22052.0,37738,56204,810
157,openb-pod-2961,0,inf,15175.0,22063,37388,810
158,openb-pod-3293,0,inf,9669.0,17964,23265,470
159,openb-pod-3319,0,inf,4021.0,7306,10471,470
160,openb-pod-2594,0,inf,11040184.0,19988831,28512001,470
161,openb-pod-1369,0,inf,1200.0,1969,3126,460
162,openb-pod-2371,0,inf,10523505.0,20289847,27561285,230
163,openb-pod-2587,0,inf,9833449.0,14681538,25459740,230
164,openb-pod-2540,0,inf,11380.0,19297,28461,650
165,openb-pod-2131,0,inf,11760926.0,16836771,30506777,470
166,openb-pod-3253,0,inf,10347485.0,15356456,25352254,470
167,openb-pod-1510,0,inf,1465.0,2278,3716,810
168,openb-pod-1109,0,inf,3221.0,6385,7734,320
169,openb-pod-1284,0,inf,146.0,261,353,160
170,openb-pod-3209,0,inf,11737403.0,23315154,28743275,470
171,openb-pod-2001,0,20048224.0,11569998.0,19412745,30739841,650
172,openb-pod-2724,0,inf,11677.0,22730,30903,220
173,openb-pod-1725,0,inf,11555410.0,16530346,30077300,350
174,openb-pod-2021,0,3027.0,1015.0,1796,2631,810
175,openb-pod-1868,0,inf,10011670.0,17450209,25722526,110
176,openb-pod-2019,0,inf,9710288.0,16976032,25288071,230
177,openb-pod-3246,0,inf,5757.0,11049,15200,590
178,openb-pod-2923,0,inf,1128.0,2122,2928,810
179,openb-pod-2464,0,inf,11608551.0,18622065,29814981,470
180,openb-pod-2196,0,inf,3021.0,5965,7287,810
181,openb-pod-3056,0,1245.0,684.0,1204,1651,590
182,openb-pod-1175,0,inf,11778838.0,21330497,30804423,470
183,openb-pod-1907,0,inf,11785440.0,17700863,29849788,470
184,openb-pod-3278,0,inf,14575.0,26822,38582,810
185,openb-pod-1700,0,inf,11005320.0,15996577,29007811,470
186,openb-pod-2488,0,inf,9855198.0,14294549,23747952,590
187,openb-pod-3400,0,inf,9785944.0,16838172,25392751,470
188,openb-pod-1576,0,inf,11759281.0,19323243,28722779,470
189,openb-pod-1696,0,inf,1094.0,1846,2642,470
190,openb-pod-3336,0,36716556.0,12432185.0,23229384,32640434,320
191,openb-pod-3353,0,inf,12299057.0,18851393,30529819,810
192,openb-pod-1266,0,inf,1122.0,1933,2750,810
193,openb-pod-1484,0,inf,1157.0,1865,2817,650
194,openb-pod-1621,0,26376489.0,12300639.0,19948659,31757312,810
195,openb-pod-1788,0,inf,1525.0,2387,3907,470
196,openb-pod-2093,0,inf,32330.0,57502,79566,460
197,openb-pod-1824,0,inf,12458762.0,21341801,31610874,470
198,openb-pod-1404,0,inf,4445.0,6469,11813,160
199,openb-pod-2401,0,inf,12350338.0,24318825,30389178,650
200,openb-pod-2970,0,inf,65.0,129,163,470
201,openb-pod-2513,0,inf,3356.0,6644,8120,470
202,openb-pod-1315,0,inf,4627.0,7257,11337,810
203,openb-pod-3373,0,inf,11480144.0,22815011,28949438,320
204,openb-pod-1808,0,inf,2492.0,4732,6449,320
205,openb-pod-1669,0,inf,215.0,400,534,470
206,openb-pod-1976,0,inf,1414.0,2353,3478,650
207,openb-pod-1652,0,inf,1710.0,2685,4219,470
208,openb-pod-2071,0,inf,8537.0,13256,20713,220
209,openb-pod-3091,0,inf,11092555.0,16940512,28604007,470
210,openb-pod-1533,0,inf,3934.0,7035,9501,810
211,openb-pod-2601,0,inf,8100.0,16065,20525,810
212,openb-pod-2605,0,inf,363.0,715,901,470
213,openb-pod-1167,0,inf,60796.0,98666,153912,810
214,openb-pod-3294,0,inf,7829.0,13465,18932,810
215,openb-pod-3324,0,inf,3962.0,7422,10265,320
216,openb-pod-2359,0,inf,10930200.0,21071303,26679648,470
217,openb-pod-3283,0,inf,3299.0,6317,7963,460
218,openb-pod-2004,0,inf,149.0,220,379,810
219,openb-pod-1616,0,inf,151.0,226,378,810
220,openb-pod-1880,0,inf,9960296.0,15859885,26279590,470
221,openb-pod-2289,0,20207.0,9264.0,17632,24072,220
222,openb-pod-2689,0,inf,88160.0,170658,234288,810
223,openb-pod-1512,0,28148.0,11939.0,20044,29833,460
224,openb-pod-2151,0,inf,11767326.0,17791850,28371036,470
225,openb-pod-3273,0,inf,8818.0,13969,23008,810
226,openb-pod-2042,0,inf,12346105.0,22075306,31169914,650
227,openb-pod-1772,0,inf,2658.0,4581,6705,810
228,openb-pod-2026,0,inf,10180594.0,16020002,25375660,810
229,openb-pod-1672,0,inf,4972.0,7439,12340,370
230,openb-pod-3342,0,inf,1411.0,2172,3725,160
231,openb-pod-2190,0,inf,1689.0,2483,4479,650
232,openb-pod-3173,0,inf,12363481.0,22046186,32480566,470
233,openb-pod-2718,0,inf,14993.0,26258,38285,460
234,openb-pod-3368,0,inf,2939.0,5243,7642,470
235,openb-pod-2244,0,inf,4519.0,7492,11982,470
236,openb-pod-2077,0,inf,941.0,1630,2343,810
237,openb-pod-2786,0,inf,12271849.0,21202625,32234237,320
238,openb-pod-1228,0,75114.0,28616.0,50470,74164,50
239,openb-pod-1111,0,inf,22502.0,40125,56624,160
240,openb-pod-2181,0,inf,2638.0,5261,6510,460
241,openb-pod-3213,0,inf,12350911.0,23596059,29907288,810
242,openb-pod-2458,0,inf,12300654.0,22001145,30101892,810
243,openb-pod-2521,0,inf,1859.0,2664,4883,650
244,openb-pod-2981,0,inf,12372109.0,24562116,30125277,810
245,openb-pod-3408,0,inf,1313.0,2311,3223,470
246,openb-pod-1283,0,inf,12226376.0,23333025,30035604,470
247,openb-pod-2534,0,inf,1106.0,1876,2890,220
248,openb-pod-1644,0,47193.0,17445.0,26218,44935,160
249,openb-pod-1668,0,inf,1229.0,1810,3028,460
250,openb-pod-1557,0,inf,12007149.0,23757412,29035380,810
251,openb-pod-2817,0,inf,4916.0,9260,12777,320
252,openb-pod-2058,0,inf,1314.0,2208,3314,810
253,openb-pod-1593,0,inf,1796.0,3156,4667,460
254,openb-pod-2080,0,inf,10215332.0,14803762,24775804,470
255,openb-pod-2679,0,inf,10907633.0,21050197,28682558,470
256,openb-pod-2258,0,inf,2623.0,3943,6660,810
257,openb-pod-2603,0,inf,1061.0,1885,2679,810
258,openb-pod-3039,0,inf,418.0,687,1017,810
259,openb-pod-1548,0,21508.0,13234.0,20278,34685,220
260,openb-pod-2775,0,inf,1567.0,2668,3765,470
261,openb-pod-2374,0,4147.0,1829.0,2750,4609,320
262,openb-pod-2749,0,inf,1126.0,1606,2909,650
263,openb-pod-1136,0,inf,516.0,1021,1366,650
264,openb-pod-2523,0,inf,3242.0,4657,8211,810
265,openb-pod-1878,0,inf,256.0,454,638,810
266,openb-pod-2099,0,inf,11586150.0,21159107,30681918,470
267,openb-pod-1463,0,inf,10369848.0,17179478,25017765,230
268,openb-pod-2038,0,inf,3066.0,4436,7491,470
269,openb-pod-2330,0,inf,11136.0,21956,29343,320
270,openb-pod-1898,0,inf,1399.0,2549,3689,810
271,openb-pod-2789,0,inf,37.0,59,96,470
272,openb-pod-3067,0,inf,1984.0,2928,5149,320
273,openb-pod-3387,0,23261358.0,12181209.0,22463299,31479334,470
274,openb-pod-1409,0,inf,12276677.0,21759534,31806234,470
275,openb-pod-1294,0,inf,40825.0,71148,104155,320
276,openb-pod-1608,0,inf,11084477.0,18375173,27672586,470
277,openb-pod-2504,0,inf,280.0,424,742,650
278,openb-pod-2280,0,inf,9856676.0,16147578,25849554,590
279,openb-pod-2748,0,inf,1002.0,1973,2651,470
280,openb-pod-1302,0,inf,1772.0,3128,4535,650
281,openb-pod-2690,0,inf,12465347.0,17603828,31213458,470
282,openb-pod-1613,0,inf,67.0,133,165,810
283,openb-pod-1896,0,inf,75.0,124,184,810
284,openb-pod-1969,0,inf,10865774.0,18155459,28545352,470
285,openb-pod-1906,0,inf,25974.0,45893,68578,320
286,openb-pod-2160,0,inf,4870.0,6980,12507,810
287,openb-pod-2085,0,inf,143.0,200,350,810
288,openb-pod-2107,0,inf,10103.0,15928,24688,810
289,openb-pod-1754,0,14320813.0,11197251.0,21173943,26894693,470
290,openb-pod-3018,0,24483411.0,12446900.0,17750908,32800289,470
291,openb-pod-2776,0,inf,11389309.0,19179465,29239964,470
292,openb-pod-2634,0,32341745.0,12425746.0,18776320,31128686,320
293,openb-pod-3199,0,inf,12208072.0,17300876,29788136,470
294,openb-pod-2205,0,inf,1466.0,2457,3682,650
295,openb-pod-1479,0,inf,10190704.0,19047419,26698291,230
296,openb-pod-2566,0,inf,82.0,117,200,810
297,openb-pod-2379,0,inf,497.0,724,1289,810
298,openb-pod-1634,0,inf,73380.0,126218,186923,460
299,openb-pod-1237,0,inf,12004009.0,20080455,31545922,470
300,openb-pod-1475,0,7491.0,4538.0,6687,11227,320
301,openb-pod-1846,0,inf,12344173.0,20868798,32716865,320
302,openb-pod-2730,0,inf,9974401.0,15747834,26460579,110
303,openb-pod-2472,0,inf,12040830.0,18992565,29830892,650
304,openb-pod-3080,0,inf,1710.0,3331,4487,460
305,openb-pod-2176,0,inf,64498.0,125059,158115,460
306,openb-pod-3004,0,inf,11486565.0,19322408,28656251,470
307,openb-pod-1685,0,inf,15722.0,29207,40844,440
308,openb-pod-2030,0,inf,1327.0,2643,3519,650
309,openb-pod-2812,0,inf,1192.0,1858,2908,320
310,openb-pod-1600,0,inf,1723.0,3122,4466,320
311,openb-pod-3041,0,inf,79992.0,126483,197034,810
312,openb-pod-1823,0,82.0,29.0,55,72,550
313,openb-pod-3188,0,inf,7765.0,13687,20530,320
314,openb-pod-2327,0,inf,9663.0,18594,23741,330
315,openb-pod-1279,0,inf,10165.0,14843,25914,320
316,openb-pod-3177,0,inf,12285224.0,18192095,31475907,470
317,openb-pod-1223,0,inf,14587.0,24529,37034,320
318,openb-pod-2704,0,inf,1130.0,1928,2997,650
319,openb-pod-2214,0,inf,4987.0,8109,12205,320
320,openb-pod-1545,0,inf,294.0,413,765,470
321,openb-pod-3035,0,inf,11670602.0,19117613,29880140,230
322,openb-pod-1372,0,34156299.0,12429372.0,21688680,30862268,320
323,openb-pod-2554,0,inf,477.0,947,1166,320
324,openb-pod-2579,0,inf,11195292.0,18785925,27972541,470
325,openb-pod-3263,0,inf,10597.0,17685,26118,320
326,openb-pod-1650,0,inf,7299.0,11809,17640,50
327,openb-pod-1761,0,inf,2995.0,5539,7740,470
328,openb-pod-2769,0,inf,9782235.0,16044366,23828582,230
329,openb-pod-2766,0,inf,11959223.0,21899875,31357965,470
330,openb-pod-2842,0,inf,10817.0,19226,27420,320
331,openb-pod-3187,0,inf,9972910.0,15201585,24260672,110
332,openb-pod-1494,0,18632.0,9235.0,17143,22861,320
333,openb-pod-1877,0,2550.0,1798.0,3399,4430,460
334,openb-pod-2800,0,inf,1049.0,1583,2649,460
335,openb-pod-1180,0,inf,11475407.0,22680696,28525752,470
336,openb-pod-3208,0,inf,25860.0,38102,65282,460
337,openb-pod-1529,0,inf,1302.0,2540,3275,650
338,openb-pod-1310,0,4132.0,1417.0,2068,3709,230
339,openb-pod-1362,0,inf,9766020.0,19393505,25709737,470
340,openb-pod-2993,0,inf,12374987.0,23443087,30257995,810
341,openb-pod-3095,0,inf,12192374.0,23902643,31904280,590
342,openb-pod-1260,0,inf,1365.0,2281,3453,650
343,openb-pod-1177,0,inf,6630.0,10720,16494,470
344,openb-pod-1394,0,inf,9789183.0,16370394,24598808,470
345,openb-pod-2416,0,inf,110.0,210,268,810
346,openb-pod-2382,0,inf,12094694.0,17772417,31990042,470
347,openb-pod-2518,0,inf,1355.0,2472,3562,810
348,openb-pod-2686,0,inf,10361896.0,20328949,26974756,230
349,openb-pod-3280,0,4137.0,2456.0,4706,5926,650
350,openb-pod-2408,0,inf,11737633.0,17057997,28191302,650
351,openb-pod-2962,0,inf,11406127.0,20444348,30295974,470
352,openb-pod-3163,0,inf,6439.0,12008,15853,320
353,openb-pod-3058,0,inf,22297.0,36343,54607,810
354,openb-pod-1655,0,inf,1377.0,2232,3655,650
355,openb-pod-2834,0,inf,10180795.0,18562029,25313920,230
356,openb-pod-2150,0,3228.0,2039.0,3294,4999,460
357,openb-pod-1398,0,3041.0,1489.0,2660,3735,650
358,openb-pod-2542,0,inf,63.0,93,158,810
359,openb-pod-2193,0,inf,12092441.0,18124664,29649984,470
360,openb-pod-1543,0,inf,11823318.0,21251072,30819164,470
361,openb-pod-3394,0,inf,10987378.0,16671490,29105587,470
362,openb-pod-1442,0,inf,7888.0,11613,20554,320
363,openb-pod-3098,0,inf,1528.0,2676,3757,370
364,openb-pod-3107,0,inf,2752.0,4153,6956,810
365,openb-pod-1209,0,inf,12448784.0,20005070,30531261,650
366,openb-pod-3126,0,inf,11791419.0,21106199,29546656,470
367,openb-pod-1750,0,31952599.0,11507330.0,22796300,29653000,470
368,openb-pod-1638,0,inf,11356.0,20171,29786,470
369,openb-pod-1938,0,inf,3636.0,5211,8964,470
370,openb-pod-3161,0,inf,2252.0,4120,5942,470
371,openb-pod-3118,0,inf,9379.0,14862,22811,320
372,openb-pod-2991,0,inf,10199472.0,17109670,26697259,810
373,openb-pod-1624,0,inf,11661999.0,23115573,30965589,470
374,openb-pod-2847,0,17637074.0,12346010.0,22382752,31319496,320
375,openb-pod-2756,0,29159.0,12503.0,20164,30569,160
376,openb-pod-1829,0,inf,292.0,578,776,320
377,openb-pod-3300,0,inf,46608.0,74420,122475,810
378,openb-pod-2806,0,inf,11769799.0,18828423,31119426,470
379,openb-pod-2859,0,inf,10292034.0,17704964,25396770,470
380,openb-pod-2285,0,inf,2460.0,3671,5993,370
381,openb-pod-2907,0,inf,75528.0,139937,197554,810
382,openb-pod-1954,0,362.0,136.0,221,351,810
383,openb-pod-2517,0,inf,10504.0,20522,26471,470
384,openb-pod-3128,0,20096904.0,12350611.0,17392833,31937760,810
385,openb-pod-1191,0,inf,24014.0,43072,63624,160
386,openb-pod-2423,0,inf,28616.0,52350,70287,50
387,openb-pod-3348,0,inf,10526911.0,18768202,27958818,230
388,openb-pod-2860,0,inf,11599297.0,18996981,29686893,470
389,openb-pod-1116,0,2716.0,1781.0,3555,4421,470
390,openb-pod-1985,0,inf,1736.0,3055,4516,320
391,openb-pod-2419,0,inf,3868.0,6044,9807,470
392,openb-pod-2773,0,inf,1518.0,2512,3945,320
393,openb-pod-1705,0,inf,12348725.0,17569342,29860794,320
394,openb-pod-1595,0,inf,36.0,71,94,470
395,openb-pod-2777,0,inf,33.0,50,87,590
396,openb-pod-2623,0,inf,4328.0,6481,10562,460
397,openb-pod-1569,0,inf,1945.0,3046,5094,320
398,openb-pod-3059,0,inf,10268928.0,17319696,25436815,230
399,openb-pod-2908,0,inf,3663.0,6877,9366,230
400,openb-pod-2489,0,inf,4110.0,7032,9993,650
401,openb-pod-2006,0,1700.0,1138.0,1759,2930,650
402,openb-pod-2154,0,inf,23497.0,37967,60966,50
403,openb-pod-3053,0,inf,7767.0,13604,20121,810
404,openb-pod-3147,0,inf,4572.0,8778,11719,470
405,openb-pod-1198,0,inf,9786008.0,16835821,25851217,230
406,openb-pod-1416,0,3227.0,1766.0,3327,4295,460
407,openb-pod-3146,0,inf,16994.0,28309,43947,320
408,openb-pod-1814,0,6108.0,2427.0,4759,6172,160
409,openb-pod-1432,0,inf,9928.0,16883,25214,220
410,openb-pod-2684,0,inf,1475.0,2437,3781,230
411,openb-pod-2536,0,inf,12025572.0,17244456,30054764,470
412,openb-pod-2743,0,inf,5642.0,9386,14520,320
413,openb-pod-1876,0,13211.0,5463.0,10276,13582,470
414,openb-pod-2912,0,inf,10565753.0,16335111,27084093,470
415,openb-pod-1241,0,inf,2519.0,4323,6409,650
416,openb-pod-2217,0,inf,30628.0,58169,76130,810
417,openb-pod-2614,0,inf,1598.0,2284,3992,650
418,openb-pod-1444,0,14719921.0,10714140.0,20725225,25918071,470
419,openb-pod-1932,0,inf,44849.0,88066,107665,810
420,openb-pod-2611,0,12587.0,5523.0,10785,13527,320
421,openb-pod-2400,0,inf,2366.0,4702,6291,470
422,openb-pod-2972,0,inf,980.0,1586,2508,160
423,openb-pod-1915,0,inf,11018883.0,18596569,28613112,470
424,openb-pod-2864,0,inf,12205243.0,20803943,30653099,810
425,openb-pod-2955,0,inf,10986226.0,21331481,29143797,650
426,openb-pod-2590,0,inf,176.0,249,426,810
427,openb-pod-2710,0,inf,2529.0,4102,6126,320
428,openb-pod-1935,0,inf,1042.0,1607,2667,810
429,openb-pod-1277,0,inf,1019.0,2025,2637,460
430,openb-pod-2516,0,inf,11828690.0,23537140,30321675,470
431,openb-pod-2398,0,inf,2436.0,4682,6199,810
432,openb-pod-1897,0,inf,10986260.0,21385202,27600031,810
433,openb-pod-2015,0,16776.0,7718.0,15202,18942,220
434,openb-pod-2632,0,inf,9389.0,14264,24734,470
435,openb-pod-2506,0,inf,2099.0,4090,5097,650
436,openb-pod-1660,0,inf,46.0,77,121,650
437,openb-pod-2486,0,inf,6486.0,9888,17066,810
438,openb-pod-2047,0,1633.0,961.0,1623,2351,160
439,openb-pod-2653,0,2444.0,1070.0,1816,2671,810
440,openb-pod-1132,0,3867.0,1980.0,2930,5157,810
441,openb-pod-2062,0,inf,2815.0,4161,7113,650
442,openb-pod-3195,0,inf,2067.0,2977,5364,650
443,openb-pod-1200,0,inf,1053.0,2037,2638,810
444,openb-pod-1918,0,inf,6416.0,10844,15619,650
445,openb-pod-1193,0,inf,1539.0,2885,3885,650
446,openb-pod-1984,0,inf,3847.0,7345,9726,470
447,openb-pod-1118,0,inf,1122.0,1822,2693,470
448,openb-pod-2887,0,inf,3007.0,4403,7791,470
449,openb-pod-2744,0,inf,5677.0,9868,14829,810
450,openb-pod-2266,0,inf,2849.0,4824,7572,650
451,openb-pod-2583,0,inf,1659.0,2601,4323,470
452,openb-pod-1477,0,inf,12370247.0,17671641,31445523,470
453,openb-pod-2210,0,inf,4543.0,8532,12050,650
454,openb-pod-2265,0,inf,11077504.0,18657252,28941459,470
455,openb-pod-3022,0,inf,1013.0,1487,2639,320
456,openb-pod-2989,0,inf,10212916.0,19726132,24754450,460
457,openb-pod-1396,0,inf,1989.0,3963,4834,810
458,openb-pod-2447,0,inf,7802.0,11073,18751,470
459,openb-pod-1380,0,inf,1859.0,2748,4803,480
460,openb-pod-2727,0,inf,11124137.0,18658549,27455167,470
461,openb-pod-1491,0,inf,1166.0,1633,3097,370
462,openb-pod-1467,0,inf,2543.0,4528,6181,230
463,openb-pod-2580,0,inf,26697.0,43612,69440,460
464,openb-pod-3312,0,inf,4963.0,9399,12576,470
465,openb-pod-1485,0,inf,20827.0,36084,53296,220
466,openb-pod-1119,0,inf,12381832.0,20274702,31837238,470
467,openb-pod-2563,0,inf,3578.0,5849,9438,230
468,openb-pod-1213,0,inf,2368.0,3661,5728,470
469,openb-pod-2854,0,inf,1128.0,1893,2966,810
470,openb-pod-2324,0,inf,12094689.0,23607299,32012804,470
471,openb-pod-1091,0,inf,21716.0,31688,53262,160
472,openb-pod-2802,0,inf,11560657.0,18997225,30231401,230
473,openb-pod-1575,0,inf,1209.0,1944,3099,810
474,openb-pod-2051,0,inf,1133.0,1773,2977,810
475,openb-pod-1496,0,inf,12374409.0,18068407,29916234,470
476,openb-pod-1236,0,inf,11731763.0,20520642,30374138,470
477,openb-pod-1601,0,inf,1451.0,2650,3598,650
478,openb-pod-2667,0,22023.0,16521.0,23156,42790,320
479,openb-pod-1783,0,inf,2026.0,3855,5223,160
480,openb-pod-3075,0,107.0,86.0,156,219,320
481,openb-pod-1828,0,inf,1113.0,2013,2734,470
482,openb-pod-2177,0,inf,2606.0,5132,6645,470
483,openb-pod-3222,0,inf,1916.0,2942,4838,470
484,openb-pod-2995,0,inf,11047160.0,17464212,27475369,810
485,openb-pod-3362,0,inf,4911.0,8388,12069,470
486,openb-pod-3042,0,inf,12346981.0,20597583,31151974,230
487,openb-pod-2807,0,inf,2506.0,3888,6016,650
488,openb-pod-3087,0,inf,1296.0,2291,3368,470
489,openb-pod-2222,0,inf,12449.0,24389,31540,810
490,openb-pod-1812,0,inf,1314.0,2389,3476,810
491,openb-pod-3384,0,inf,837.0,1548,2154,470
492,openb-pod-3019,0,inf,11852.0,17114,31451,220
493,openb-pod-2695,0,inf,21598.0,35004,54389,460
494,openb-pod-2915,0,inf,12466.0,24394,30927,810
495,openb-pod-1472,0,inf,10848607.0,20552056,26549025,470
496,openb-pod-2230,0,inf,1648.0,3005,4288,650
497,openb-pod-2954,0,inf,1281.0,1872,3284,650
498,openb-pod-3402,0,inf,5184.0,8831,13450,230
499,openb-pod-2808,0,inf,9975426.0,14458458,26278626,110
500,openb-pod-2267,0,inf,540.0,928,1352,460
501,openb-pod-2531,0,inf,1372.0,2359,3361,370
502,openb-pod-2931,0,inf,12050713.0,19102570,31366873,470
503,openb-pod-2133,0,inf,16793.0,30068,44279,320
504,openb-pod-3337,0,inf,1339.0,1986,3488,470
505,openb-pod-2403,0,inf,22724.0,38693,59081,110
506,openb-pod-1351,0,inf,11181.0,20905,28374,810
507,openb-pod-1836,0,inf,3721.0,5276,9693,650
508,openb-pod-1423,0,inf,9673719.0,16667326,23340206,230
509,openb-pod-1692,0,inf,1357.0,2359,3505,650
510,openb-pod-2987,0,inf,180.0,325,443,810
511,openb-pod-3378,0,inf,1451.0,2097,3755,650
512,openb-pod-2254,0,inf,5583.0,10539,14181,320
513,openb-pod-2068,0,inf,13811.0,24565,34808,810
514,openb-pod-3399,0,inf,10084.0,14323,24242,320
515,openb-pod-1567,0,inf,1981.0,2982,4778,650
516,openb-pod-2049,0,inf,3248.0,5039,8055,220
517,openb-pod-2545,0,inf,158.0,232,397,810
518,openb-pod-2547,0,inf,11931083.0,17831810,29667107,470
519,openb-pod-1520,0,32183.0,12549.0,19379,33362,320
520,openb-pod-3349,0,5045.0,2127.0,4051,5167,650
521,openb-pod-1766,0,inf,8353.0,13854,21788,470
522,openb-pod-1089,0,inf,9948913.0,17652029,26412860,470
523,openb-pod-3016,0,inf,4506.0,8870,11439,320
524,openb-pod-2167,0,inf,881.0,1366,2328,810
525,openb-pod-1448,0,inf,182.0,352,464,320
526,openb-pod-2951,0,inf,687.0,996,1715,160
527,openb-pod-1937,0,inf,1167.0,2320,2833,370
528,openb-pod-2444,0,inf,9982798.0,14938089,25520180,230
529,openb-pod-2335,0,inf,2554.0,4655,6198,230
530,openb-pod-2861,0,inf,1168.0,2078,3009,370
531,openb-pod-1368,0,inf,75954.0,115837,200946,810
532,openb-pod-1137,0,inf,1238.0,2428,3200,650
533,openb-pod-2830,0,inf,1447.0,2472,3675,650
534,openb-pod-2347,0,inf,10347061.0,17401924,25003770,230
535,openb-pod-3286,0,inf,3752.0,6860,9953,470
536,openb-pod-2595,0,inf,291826.0,568301,732199,460
537,openb-pod-2044,0,inf,14192.0,22016,36880,220
538,openb-pod-1997,0,8700.0,3133.0,6033,7832,810
539,openb-pod-2313,0,inf,11059835.0,20741057,28890954,470
540,openb-pod-1513,0,inf,23299.0,32636,58616,320
541,openb-pod-2436,0,inf,15330.0,26215,40377,160
542,openb-pod-1536,0,5413.0,2227.0,3352,5625,650
543,openb-pod-1205,0,inf,2781.0,4824,6760,650
544,openb-pod-3144,0,inf,12448808.0,24705923,31705705,810
545,openb-pod-2409,0,inf,7380.0,13274,18402,460
546,openb-pod-3254,0,inf,1922.0,2958,4999,590
547,openb-pod-2088,0,inf,10972.0,19298,26629,810
548,openb-pod-1456,0,inf,54.0,85,143,550
549,openb-pod-2782,0,inf,12241442.0,22280832,29420902,470
550,openb-pod-2837,0,inf,10347699.0,16011405,25855655,230
551,openb-pod-3180,0,inf,27408.0,54527,70643,320
552,openb-pod-3119,0,2620.0,1167.0,2051,2888,810
553,openb-pod-1806,0,inf,29695.0,51856,74614,810
554,openb-pod-2261,0,inf,1468.0,2337,3665,160
555,openb-pod-1287,0,inf,5366.0,7888,13257,320
556,openb-pod-3224,0,inf,2580.0,5007,6353,470
557,openb-pod-1420,0,inf,1281.0,2282,3237,160
558,openb-pod-1251,0,inf,3426.0,5867,8856,330
559,openb-pod-2187,0,inf,10228.0,19995,25696,220
560,openb-pod-2988,0,inf,5613.0,9378,14382,320
561,openb-pod-2964,0,13312.0,5708.0,10471,15008,470
562,openb-pod-1723,0,inf,705.0,1228,1832,470
563,openb-pod-2662,0,inf,1086.0,2033,2794,810
564,openb-pod-2619,0,inf,17654.0,28587,43712,230
565,openb-pod-1916,0,inf,12429935.0,18026162,31943078,650
566,openb-pod-1248,0,inf,3333.0,6638,8317,470
567,openb-pod-2000,0,inf,3090.0,5608,7929,810
568,openb-pod-1986,0,inf,497.0,789,1202,650
569,openb-pod-2376,0,inf,9851582.0,18457616,24493898,230
570,openb-pod-1386,0,inf,23843.0,44429,57640,320
571,openb-pod-2185,0,inf,1132.0,1612,2817,810
572,openb-pod-2329,0,3090.0,1536.0,2789,3881,460
573,openb-pod-1257,0,21211562.0,11782315.0,23262015,30929513,470
574,openb-pod-1247,0,inf,11089108.0,18121707,26851249,470
575,openb-pod-2438,0,inf,5849.0,10269,14486,460
576,openb-pod-3193,0,inf,11053048.0,16828127,29169059,470
577,openb-pod-2350,0,inf,2195.0,3517,5719,470
578,openb-pod-1598,0,16598876.0,11761287.0,22381105,29926477,470
579,openb-pod-2637,0,inf,2700.0,4590,6748,460
580,openb-pod-1711,0,inf,7890.0,11748,20173,320
581,openb-pod-3240,0,inf,3238910.0,4639061,8248955,470
582,openb-pod-3046,0,inf,71.0,100,174,810
583,openb-pod-2560,0,inf,9923730.0,16360980,24738401,470
584,openb-pod-1401,0,inf,1020.0,1652,2652,470
585,openb-pod-2083,0,12366.0,4559.0,7804,11401,320
586,openb-pod-1547,0,inf,2743.0,4672,6887,810
587,openb-pod-2325,0,inf,1411.0,2145,3408,470
588,openb-pod-3130,0,19527004.0,12070059.0,19131691,29746673,470
589,openb-pod-2840,0,inf,12448277.0,23157130,31983040,230
590,openb-pod-2795,0,inf,11866248.0,21049883,29967937,470
591,openb-pod-2647,0,inf,10390819.0,19499659,25164107,230
592,openb-pod-2036,0,inf,3671.0,6827,9057,320
593,openb-pod-1753,0,inf,11557501.0,18474698,28002849,470
594,openb-pod-2757,0,inf,3614.0,5800,8832,110
595,openb-pod-2031,0,inf,1158.0,2162,2977,810
596,openb-pod-2495,0,inf,31817.0,62982,80248,810
597,openb-pod-1252,0,inf,6427.0,11648,16029,320
598,openb-pod-2092,0,inf,1645.0,3024,4329,650
599,openb-pod-3225,0,496.0,210.0,353,545,470
600,openb-pod-1270,0,inf,1232.0,1995,3107,470
601,openb-pod-1184,0,inf,11020287.0,19279335,29168871,470
602,openb-pod-3009,0,inf,11089888.0,16857072,27128811,470
603,openb-pod-1422,0,inf,2524.0,3994,6150,230
604,openb-pod-1272,0,inf,1991.0,3428,4794,230
605,openb-pod-3226,0,inf,30483.0,51470,78743,320
606,openb-pod-1113,0,inf,9835453.0,17534558,24044226,230
607,openb-pod-1187,0,inf,9855035.0,17685829,25007556,320
608,openb-pod-2641,0,inf,11739996.0,19078428,29592917,650
609,openb-pod-2699,0,inf,5492.0,8123,13990,320
610,openb-pod-2012,0,inf,2931.0,4654,7689,460
611,openb-pod-3125,0,inf,6131.0,11604,16048,220
612,openb-pod-2596,0,inf,11680444.0,19902807,29767933,320
613,openb-pod-1987,0,inf,2563.0,4549,6583,320
614,openb-pod-1421,0,inf,1564.0,2285,4082,320
615,openb-pod-3115,0,inf,12369276.0,23191582,29786192,470
616,openb-pod-2375,0,inf,12209803.0,18649061,31079766,470
617,openb-pod-1413,0,inf,89.0,169,215,590
618,openb-pod-1170,0,inf,45.0,72,114,810
619,openb-pod-2891,0,inf,12351808.0,24636140,31932707,470
620,openb-pod-3352,0,inf,10182632.0,16989847,26074120,470
621,openb-pod-1307,0,inf,1176.0,1891,3103,810
622,openb-pod-2880,0,inf,5155.0,8570,12501,320
623,openb-pod-2459,0,29996026.0,12352706.0,20985550,30901121,230
624,openb-pod-3340,0,inf,10400463.0,15467118,26216900,470
625,openb-pod-1631,0,inf,2026.0,3409,5013,220
626,openb-pod-1564,0,inf,285.0,526,691,810
627,openb-pod-2273,0,inf,1308.0,2568,3220,320
628,openb-pod-1865,0,inf,11727214.0,21345231,31035805,470
629,openb-pod-2045,0,inf,3922.0,7401,9432,810
630,openb-pod-2670,0,inf,4192.0,7885,10646,470
631,openb-pod-3259,0,inf,37083.0,53890,95667,160
632,openb-pod-1476,0,inf,3569.0,6550,8713,810
633,openb-pod-1842,0,inf,1122.0,2155,2952,810
634,openb-pod-2381,0,inf,11035816.0,16994442,27111559,470
635,openb-pod-1344,0,inf,72.0,121,176,810
636,openb-pod-2759,0,inf,4246.0,6573,10887,470
637,openb-pod-2894,0,inf,11483749.0,20687476,29521314,470
638,openb-pod-2849,0,inf,1661.0,2538,4386,650
639,openb-pod-3065,0,inf,1194.0,2230,2908,810
640,openb-pod-3066,0,inf,150.0,241,362,810
641,openb-pod-2025,0,inf,3238836.0,6113455,7836332,470
642,openb-pod-2582,0,inf,8794.0,15423,23350,320
643,openb-pod-3141,0,inf,11506049.0,19839712,30533034,470
644,openb-pod-2147,0,inf,10350354.0,15453519,24911090,230
645,openb-pod-1346,0,inf,1315.0,2127,3160,460
646,openb-pod-3051,0,inf,4505.0,7076,11835,320
647,openb-pod-2067,0,inf,10263012.0,17984925,25905932,470
648,openb-pod-1321,0,inf,12202823.0,18299834,29705001,810
649,openb-pod-2956,0,inf,1171.0,2157,2878,810
650,openb-pod-2341,0,inf,10927377.0,16267795,28361168,220
651,openb-pod-1926,0,inf,1119.0,1925,2918,810
652,openb-pod-1735,0,inf,1974.0,3241,4774,320
653,openb-pod-3100,0,inf,12424351.0,21078665,30742790,320
654,openb-pod-1681,0,inf,12450592.0,18803495,33093636,810
655,openb-pod-3013,0,inf,240.0,443,580,320
656,openb-pod-1514,0,inf,60.0,104,147,810
657,openb-pod-3221,0,inf,12448524.0,19519750,31648549,470
658,openb-pod-2719,0,inf,11573587.0,16733867,30774130,470
659,openb-pod-2316,0,inf,12273894.0,24342102,30560510,470
660,openb-pod-2465,0,inf,3596.0,5408,9536,480
661,openb-pod-1759,0,inf,1046.0,1548,2584,470
662,openb-pod-2340,0,inf,1109.0,1844,2806,470
663,openb-pod-1863,0,inf,11691668.0,16524931,29742577,470
664,openb-pod-1306,0,2496.0,1636.0,2975,4081,470
665,openb-pod-2633,0,inf,4278.0,7332,10453,220
666,openb-pod-2498,0,inf,75073.0,112012,192913,320
667,openb-pod-1258,0,inf,12451290.0,17848614,30865079,320
668,openb-pod-2586,0,inf,7730.0,11244,19646,650
669,openb-pod-2300,0,inf,1067.0,1751,2594,320
670,openb-pod-1800,0,inf,2625.0,4213,6478,470
671,openb-pod-2476,0,inf,12370642.0,23681585,31451041,470
672,openb-pod-2433,0,18233106.0,11849476.0,21058546,29505244,470
673,openb-pod-3149,0,inf,4380.0,7456,11563,320
674,openb-pod-3139,0,inf,11035577.0,19157398,27882667,470
675,openb-pod-2543,0,inf,912.0,1589,2228,650
676,openb-pod-3162,0,inf,3290.0,4909,8744,470
677,openb-pod-1348,0,inf,12088609.0,20923042,30427144,470
678,openb-pod-1365,0,inf,7389.0,11081,19416,220
679,openb-pod-1774,0,inf,11482.0,21811,29712,320
680,openb-pod-2784,0,inf,9666773.0,16319087,24696096,470
681,openb-pod-2868,0,inf,1456.0,2209,3591,320
682,openb-pod-1106,0,inf,11220420.0,20659187,27131518,810
683,openb-pod-2530,0,inf,753.0,1413,1826,810
684,openb-pod-1744,0,inf,11760614.0,17508725,28245923,470
685,openb-pod-3020,0,inf,10476787.0,15785325,27038236,470
686,openb-pod-2696,0,30824.0,10597.0,18422,25783,320
687,openb-pod-2997,0,inf,12198.0,23900,30784,320
688,openb-pod-1399,0,inf,10782068.0,16925812,27519028,470
689,openb-pod-1445,0,inf,4939.0,8600,12398,320
690,openb-pod-1466,0,inf,11261189.0,17967357,29101457,470
691,openb-pod-2115,0,inf,1692.0,3180,4072,460
692,openb-pod-2706,0,inf,25439.0,48032,66290,460
693,openb-pod-1139,0,inf,150.0,253,371,810
694,openb-pod-2669,0,inf,10879810.0,15872427,27133934,470
695,openb-pod-2441,0,inf,12446355.0,24334162,30012979,470
696,openb-pod-2194,0,inf,1124.0,1682,2780,810
697,openb-pod-2885,0,inf,1151.0,1670,2842,320
698,openb-pod-2336,0,inf,19735.0,28375,48474,810
699,openb-pod-1192,0,inf,282.0,517,683,810
700,openb-pod-1929,0,2232.0,1051.0,2085,2650,470
701,openb-pod-2644,0,inf,2968.0,5086,7623,320
702,openb-pod-1377,0,inf,11522639.0,18897466,27848695,590
703,openb-pod-1810,0,inf,1694.0,2882,4400,650
704,openb-pod-1914,0,inf,3914.0,5911,10260,810
705,openb-pod-1983,0,21991582.0,10798510.0,20011778,26574194,810
706,openb-pod-3220,0,7111.0,4188.0,6109,11009,810
707,openb-pod-1941,0,inf,9784911.0,18014415,24190475,230
708,openb-pod-2339,0,inf,4837.0,7294,12394,320
709,openb-pod-1589,0,inf,1528.0,2199,3736,460
710,openb-pod-2794,0,2030.0,1230.0,2365,3196,370
711,openb-pod-3314,0,inf,1196.0,2039,2891,810
712,openb-pod-3030,0,inf,12246522.0,20734028,31143272,810
713,openb-pod-1949,0,inf,1083.0,1552,2654,810
714,openb-pod-2940,0,inf,1119.0,2184,2689,810
715,openb-pod-1122,0,inf,4275.0,6822,11326,470
716,openb-pod-2446,0,inf,5160.0,10106,12790,320
717,openb-pod-3074,0,inf,7748.0,13371,19247,470
718,openb-pod-1515,0,10885.0,5653.0,9614,13745,810
719,openb-pod-1440,0,inf,15092.0,23399,39219,810
720,openb-pod-2328,0,inf,2700.0,5073,6875,460
721,openb-pod-2642,0,inf,42576.0,64770,105207,810
722,openb-pod-3112,0,inf,2586.0,4704,6573,230
723,openb-pod-1194,0,inf,11512024.0,17152468,30312125,470
724,openb-pod-1721,0,inf,2249.0,4227,5898,230
725,openb-pod-2897,0,inf,6241.0,11519,15744,320
726,openb-pod-2657,0,inf,1125.0,2110,2803,590
727,openb-pod-2040,0,inf,68.0,104,171,650
728,openb-pod-3211,0,inf,1131.0,1604,2833,810
729,openb-pod-2816,0,inf,2377.0,4679,6205,650
730,openb-pod-3131,0,3179.0,1384.0,2256,3455,810
731,openb-pod-2260,0,inf,48850.0,91470,118566,320
732,openb-pod-1424,0,4900.0,2040.0,4020,5001,650
733,openb-pod-3108,0,inf,2371.0,4111,5706,460
734,openb-pod-2550,0,inf,12287594.0,17397644,32169133,470
735,openb-pod-1858,0,inf,1301.0,2176,3227,810
736,openb-pod-1131,0,297.0,104.0,156,259,230
737,openb-pod-1188,0,inf,2300.0,4092,6054,470
738,openb-pod-2826,0,inf,3100.0,6090,7960,110
739,openb-pod-3215,0,inf,11848614.0,22928218,31252976,470
740,openb-pod-1481,0,inf,5673.0,8514,13723,320
741,openb-pod-2478,0,inf,12365595.0,18526197,31202514,470
742,openb-pod-2108,0,inf,780.0,1541,1976,460
743,openb-pod-2148,0,9050.0,3441.0,5546,8935,220
744,openb-pod-2048,0,inf,7240.0,11429,18589,220
745,openb-pod-1143,0,inf,11181555.0,16334575,28666798,470
746,openb-pod-1407,0,inf,9785790.0,17634097,25976004,230
747,openb-pod-1818,0,inf,12302842.0,20260762,30997742,470
748,openb-pod-2984,0,inf,1148.0,2115,3039,320
749,openb-pod-1850,0,inf,13570.0,25236,34037,320
750,openb-pod-3234,0,inf,2590.0,3664,6854,650
751,openb-pod-1239,0,inf,4440.0,6790,11520,160
752,openb-pod-2460,0,inf,12339504.0,19306844,31508109,470
753,openb-pod-1577,0,inf,13974.0,27682,34771,810
754,openb-pod-2466,0,inf,11182972.0,17514979,29709322,470
755,openb-pod-2597,0,inf,1144.0,1902,2870,590
756,openb-pod-3330,0,inf,185.0,347,471,810
757,openb-pod-2500,0,inf,2100.0,4199,5328,590
758,openb-pod-1820,0,inf,13079.0,21570,34145,650
759,openb-pod-2326,0,inf,57.0,97,148,550
760,openb-pod-2640,0,inf,12674.0,25251,33332,230
761,openb-pod-2918,0,inf,6069.0,10329,14725,320
762,openb-pod-2452,0,inf,7231.0,12516,18621,330
763,openb-pod-1777,0,inf,11106403.0,16164092,28569428,470
764,openb-pod-1098,0,inf,11385001.0,17297943,27788398,470
765,openb-pod-3256,0,inf,6875.0,12339,17974,650
766,openb-pod-1727,0,inf,3580.0,6271,8611,470
767,openb-pod-2767,0,49579.0,27409.0,51191,70721,320
768,openb-pod-1714,0,inf,11773680.0,18420992,29070810,470
769,openb-pod-2053,0,inf,11169152.0,21881056,28203539,470
770,openb-pod-2848,0,inf,8146.0,11674,21217,320
771,openb-pod-2525,0,inf,2212.0,4360,5872,810
772,openb-pod-3165,0,24572816.0,10005632.0,16877862,26106637,470
773,openb-pod-1168,0,inf,1958.0,2962,4741,470
774,openb-pod-3055,0,6661.0,3118.0,5089,7575,320
775,openb-pod-2965,0,inf,1048.0,2082,2550,810
776,openb-pod-1580,0,inf,1121.0,1918,2792,810
777,openb-pod-3169,0,inf,12297900.0,21995691,30012783,650
778,openb-pod-1659,0,inf,29.0,53,74,550
779,openb-pod-1678,0,inf,12243068.0,17169641,32541709,470
780,openb-pod-2844,0,inf,4200.0,6743,10202,320
781,openb-pod-3186,0,inf,11106226.0,20253508,27535093,470
782,openb-pod-1204,0,inf,147.0,277,358,810
783,openb-pod-2892,0,inf,2305.0,4071,5831,650
784,openb-pod-2276,0,inf,70080.0,106820,179344,460
785,openb-pod-2125,0,inf,11498911.0,20437889,28688345,590
786,openb-pod-1312,0,inf,26.0,49,62,550
787,openb-pod-1968,0,inf,1741.0,2807,4492,460
788,openb-pod-3292,0,inf,3772.0,7254,9915,470
789,openb-pod-2687,0,inf,1135.0,1615,2898,810
790,openb-pod-1992,0,inf,2580.0,3897,6762,460
791,openb-pod-1504,0,inf,1446.0,2624,3591,370
792,openb-pod-3401,0,inf,12344722.0,20058876,31286547,230
793,openb-pod-2270,0,inf,1799.0,2784,4347,460
794,openb-pod-1320,0,inf,14927.0,26404,37514,810
795,openb-pod-1807,0,inf,14.0,25,33,810
796,openb-pod-2471,0,inf,40405.0,80463,101777,320
797,openb-pod-1403,0,inf,12217212.0,21270880,31636624,590
798,openb-pod-3328,0,inf,2035.0,3762,5139,470
799,openb-pod-2257,0,inf,11680808.0,17304157,30510323,810
800,openb-pod-3048,0,inf,12298586.0,20790051,32682131,810
801,openb-pod-1542,0,inf,1051.0,1745,2597,320
802,openb-pod-1874,0,inf,10347163.0,15063321,27294579,470
803,openb-pod-1210,0,inf,1250.0,2421,3121,810
804,openb-pod-2886,0,26677936.0,12429487.0,22294617,31974698,320
805,openb-pod-1340,0,inf,12085346.0,19278605,30296568,470
806,openb-pod-1115,0,inf,1205.0,1949,2986,810
807,openb-pod-3003,0,inf,5641.0,7997,14384,320
808,openb-pod-2294,0,inf,12031693.0,17389381,30512707,470
809,openb-pod-1468,0,inf,14776.0,29442,36700,320
810,openb-pod-2124,0,inf,1517.0,2251,3833,470
811,openb-pod-3076,0,inf,114035.0,177280,290014,810
812,openb-pod-2578,0,71548.0,35380.0,62954,87513,810
813,openb-pod-1791,0,inf,11389403.0,19208214,30005642,470
814,openb-pod-1573,0,inf,1135.0,2228,2815,160
815,openb-pod-1181,0,inf,1772.0,2612,4411,650
816,openb-pod-2380,0,inf,11132062.0,18755802,27657192,470
817,openb-pod-2301,0,inf,13638.0,21220,34396,650
818,openb-pod-2865,0,inf,109582.0,170852,274567,810
819,openb-pod-3072,0,inf,9834738.0,15195089,23941358,470
820,openb-pod-2813,0,inf,14230.0,20153,36974,220
821,openb-pod-2697,0,inf,2010.0,3365,5235,810
822,openb-pod-1887,0,inf,23097.0,41886,56840,320
823,openb-pod-2845,0,inf,6278.0,11452,15735,810
824,openb-pod-1950,0,inf,11853302.0,19759187,31529632,470
825,openb-pod-2360,0,inf,1166.0,1811,2960,370
826,openb-pod-3031,0,inf,12274595.0,17504555,32540628,590
827,openb-pod-2874,0,inf,1448.0,2415,3619,470
828,openb-pod-1439,0,inf,108.0,172,261,470
829,openb-pod-3079,0,inf,1904.0,3725,4732,650
830,openb-pod-1161,0,3107.0,2401.0,3590,5780,460
831,openb-pod-3303,0,inf,1190.0,1732,2923,650
832,openb-pod-1345,0,inf,4836.0,9600,12712,810
833,openb-pod-3099,0,inf,66163.0,130813,171649,460
834,openb-pod-1684,0,inf,1967.0,3473,5231,470
835,openb-pod-2643,0,inf,98.0,143,252,470
836,openb-pod-2945,0,7713.0,4342.0,7806,11534,110
837,openb-pod-1563,0,inf,10728045.0,15456339,28087813,470
838,openb-pod-2770,0,inf,1126.0,2033,2935,320
839,openb-pod-2976,0,inf,3772.0,6709,9189,320
840,openb-pod-2717,0,inf,26641.0,49103,65533,320
841,openb-pod-2612,0,inf,12113312.0,23328680,29530607,470
842,openb-pod-2522,0,inf,2220.0,4179,5588,160
843,openb-pod-1275,0,inf,3439.0,6657,8415,590
844,openb-pod-3181,0,inf,11407270.0,20750618,28439935,320
845,openb-pod-2930,0,inf,1182.0,2039,2991,470
846,openb-pod-2888,0,inf,12298290.0,21352507,31325061,650
847,openb-pod-2645,0,inf,1095.0,1606,2689,230
848,openb-pod-3203,0,inf,11727148.0,21369730,29814192,470
849,openb-pod-1961,0,inf,11778983.0,22670684,29971954,470
850,openb-pod-2520,0,inf,243.0,368,606,470
851,openb-pod-1090,0,inf,17013.0,27871,41835,220
852,openb-pod-1909,0,inf,12333945.0,24537396,32720716,470
853,openb-pod-3036,0,inf,65758.0,120957,168378,320
854,openb-pod-2577,0,inf,9834829.0,16572668,24920119,470
855,openb-pod-3120,0,inf,1245.0,2285,3279,650
856,openb-pod-2966,0,inf,10263010.0,18803471,26054688,470
857,openb-pod-1901,0,inf,1213.0,2389,3026,470
858,openb-pod-2432,0,inf,10177341.0,16782095,24469633,470
859,openb-pod-2998,0,inf,11015138.0,20877250,28969922,470
860,openb-pod-1958,0,inf,12475899.0,24409412,31581547,460
861,openb-pod-2650,0,inf,9876315.0,19033936,25533836,470
862,openb-pod-1974,0,inf,2708.0,4350,7201,650
863,openb-pod-2145,0,780021.0,294651.0,471023,780664,220
864,openb-pod-3152,0,inf,12292039.0,24298569,31699024,470
865,openb-pod-3145,0,inf,17861.0,33322,43012,810
866,openb-pod-2275,0,inf,2863.0,4264,7233,470
867,openb-pod-2165,0,inf,11095584.0,15888974,27970775,470
868,openb-pod-2895,0,inf,10216930.0,18587740,26176880,230
869,openb-pod-2295,0,inf,1725.0,2610,4554,470
870,openb-pod-2435,0,inf,11939175.0,18918233,30356825,650
871,openb-pod-1343,0,inf,11841.0,21614,28966,470
872,openb-pod-3192,0,inf,3648.0,6779,8968,470
873,openb-pod-2494,0,inf,5091.0,7488,12706,320
874,openb-pod-3245,0,76207.0,25700.0,42259,62651,220
875,openb-pod-2510,0,26857382.0,9676707.0,16268803,24562771,230
876,openb-pod-2003,0,inf,5410.0,10615,13636,320
877,openb-pod-3160,0,inf,9869497.0,17175578,25288340,470
878,openb-pod-2140,0,inf,8913.0,12867,23468,220
879,openb-pod-2527,0,inf,12651.0,24281,31737,810
880,openb-pod-3064,0,inf,1316.0,2062,3352,650
881,openb-pod-1292,0,inf,6260.0,9864,15101,480
882,openb-pod-1649,0,inf,12833.0,23091,33973,810
883,openb-pod-3183,0,inf,12375266.0,24100853,29913693,470
884,openb-pod-2549,0,inf,161.0,230,409,810
885,openb-pod-1854,0,23628.0,8273.0,11883,21352,470
886,openb-pod-1745,0,inf,1172.0,1819,2937,810
887,openb-pod-2502,0,inf,72698.0,102502,189767,220
888,openb-pod-2191,0,inf,22864.0,40407,60546,320
889,openb-pod-2201,0,inf,1453.0,2893,3509,650
890,openb-pod-1796,0,inf,337.0,552,857,810
891,openb-pod-2063,0,inf,575.0,1064,1403,810
892,openb-pod-1848,0,inf,3575.0,7066,8892,650
893,openb-pod-1376,0,inf,1131.0,1720,2744,650
894,openb-pod-3397,0,inf,370.0,569,888,470
895,openb-pod-3291,0,inf,11789144.0,18032721,30956673,470
896,openb-pod-2636,0,inf,5467.0,9295,14143,650
897,openb-pod-2665,0,inf,76.0,138,196,320
898,openb-pod-1946,0,inf,1170.0,1703,2830,480
899,openb-pod-2514,0,inf,1056.0,1876,2576,320
900,openb-pod-1500,0,inf,1379.0,2522,3320,460
901,openb-pod-1441,0,inf,10957201.0,20853939,28430967,810
902,openb-pod-2810,0,inf,12448667.0,18922898,32989925,470
903,openb-pod-3288,0,inf,9834248.0,14183940,23779574,230
904,openb-pod-1419,0,inf,40.0,61,99,550
905,openb-pod-1314,0,inf,6058.0,11372,15898,470
906,openb-pod-1417,0,4810.0,3843.0,6233,9397,470
907,openb-pod-2029,0,inf,208.0,399,548,810
908,openb-pod-2211,0,inf,12178232.0,21907565,31834638,470
909,openb-pod-3057,0,inf,3655.0,6049,9147,650
910,openb-pod-2227,0,inf,7721.0,11518,20374,470
911,openb-pod-1658,0,inf,6443.0,11234,16167,320
912,openb-pod-1169,0,inf,189.0,265,480,470
913,openb-pod-1426,0,9603.0,7443.0,12864,19083,320
914,openb-pod-1546,0,inf,12341941.0,21371086,29839274,650
915,openb-pod-2420,0,inf,10371.0,16134,26155,470
916,openb-pod-1506,0,inf,1702.0,3129,4297,590
917,openb-pod-1792,0,inf,9839465.0,19546526,25291648,470
918,openb-pod-1636,0,58739.0,43251.0,73844,108447,320
919,openb-pod-2656,0,inf,320.0,579,799,810
920,openb-pod-2307,0,inf,3034.0,5108,8022,470
921,openb-pod-2394,0,inf,2036.0,3243,4889,160
922,openb-pod-2694,0,inf,12336430.0,19285217,31169923,470
923,openb-pod-2245,0,inf,11728507.0,16607448,31192877,470
924,openb-pod-1319,0,inf,20604.0,34841,51395,160
925,openb-pod-2411,0,inf,10987645.0,16416012,27054798,320
926,openb-pod-2569,0,inf,12264714.0,21239358,29581964,470
927,openb-pod-2929,0,inf,18173.0,33264,44077,810
928,openb-pod-3250,0,inf,216.0,338,570,810
929,openb-pod-1651,0,inf,59003.0,93095,149696,810
930,openb-pod-1117,0,inf,263.0,493,683,320
931,openb-pod-2272,0,inf,12019359.0,19474997,31567843,590
932,openb-pod-2821,0,inf,4344.0,8252,10987,320
933,openb-pod-3101,0,inf,1080.0,1521,2749,460
934,openb-pod-2571,0,inf,10616917.0,19003943,26851163,650
935,openb-pod-2377,0,inf,21304.0,35756,54499,220
936,openb-pod-3011,0,25796012.0,10607428.0,17324188,27884705,810
937,openb-pod-1329,0,inf,13786.0,22058,34719,320
938,openb-pod-1395,0,inf,133.0,243,343,810
939,openb-pod-2474,0,35703956.0,12330126.0,24335356,31785335,470
940,openb-pod-1361,0,inf,1014.0,1469,2513,810
941,openb-pod-2236,0,inf,3886.0,6053,10298,810
942,openb-pod-2747,0,inf,10035935.0,15003954,26393068,470
943,openb-pod-1786,0,inf,2276.0,4535,5501,810
944,openb-pod-2064,0,inf,9625.0,16199,25004,220
945,openb-pod-1431,0,inf,10897874.0,18286109,26929002,470
946,openb-pod-1552,0,inf,2895.0,4245,7034,320
947,openb-pod-3260,0,inf,9859914.0,18362081,24748734,230
948,openb-pod-3398,0,2161.0,1058.0,2053,2598,470
949,openb-pod-1253,0,inf,12033419.0,18730839,30732939,470
950,openb-pod-3251,0,inf,2259.0,4411,5578,160
951,openb-pod-1437,0,inf,1389.0,2322,3590,160
952,openb-pod-2354,0,inf,106344.0,206624,263764,320
953,openb-pod-3355,0,inf,10811.0,20265,26746,320
954,openb-pod-1780,0,inf,1142.0,1964,2881,460
955,openb-pod-1480,0,inf,11752712.0,21717888,29804289,650
956,openb-pod-1671,0,inf,10519145.0,18776038,25406447,320
957,openb-pod-3104,0,inf,40717.0,58733,103601,320
958,openb-pod-2823,0,inf,11734580.0,20964520,30978179,650
959,openb-pod-3140,0,inf,11494786.0,20844316,27645761,810
960,openb-pod-2357,0,inf,10012510.0,14580262,24305073,810
961,openb-pod-2974,0,inf,3403.0,6213,8630,810
962,openb-pod-1790,0,33037144.0,11245529.0,19765299,28958961,470
963,openb-pod-1274,0,inf,1021.0,1609,2645,460
964,openb-pod-1630,0,inf,95.0,175,237,470
965,openb-pod-1355,0,inf,7092.0,12877,17818,810
966,openb-pod-2883,0,inf,11557672.0,17832144,29981792,650
967,openb-pod-1285,0,inf,1165.0,2001,3026,370
968,openb-pod-2078,0,inf,2114.0,4194,5222,470
969,openb-pod-3081,0,inf,1590.0,2776,3944,810
970,openb-pod-2229,0,inf,4296.0,6504,11398,220
971,openb-pod-2355,0,inf,4058.0,8027,10639,470
972,openb-pod-2291,0,inf,7799.0,12806,18874,460
973,openb-pod-3227,0,inf,10390384.0,16195012,27140093,230
974,openb-pod-1981,0,inf,12414699.0,20604645,31862852,810
975,openb-pod-1430,0,inf,10586.0,20385,26185,320
976,openb-pod-2994,0,19339.0,9688.0,15957,23614,470
977,openb-pod-3133,0,inf,18402.0,28827,46865,160
978,openb-pod-1311,0,inf,10444870.0,17618524,26617513,470
979,openb-pod-1158,0,inf,3510.0,5207,9311,810
980,openb-pod-2315,0,inf,10518394.0,18401499,26615567,220
981,openb-pod-2947,0,inf,1086.0,2119,2874,470
982,openb-pod-3174,0,inf,3877.0,5776,9432,220
983,openb-pod-3230,0,inf,10030693.0,17471445,24223362,590
984,openb-pod-1670,0,11428.0,4064.0,7286,10085,50
985,openb-pod-1271,0,inf,10964366.0,17937893,28479621,470
986,openb-pod-1942,0,inf,10353834.0,20261947,27460284,550
987,openb-pod-1373,0,inf,10737021.0,15276158,26731876,470
988,openb-pod-3102,0,inf,11494054.0,19243116,27949444,810
989,openb-pod-1489,0,inf,9036.0,13343,22392,220
990,openb-pod-2567,0,inf,11562242.0,16394052,28652255,470
991,openb-pod-2086,0,inf,12451353.0,20730788,31263819,320
992,openb-pod-3357,0,inf,1421.0,2108,3415,650
993,openb-pod-1910,0,inf,6693.0,12621,17437,320
994,openb-pod-1875,0,inf,1208.0,2166,3157,810
995,openb-pod-2618,0,inf,33297.0,65497,88532,810
996,openb-pod-1732,0,inf,11493614.0,19025925,29986519,650
997,openb-pod-2149,0,inf,165411.0,244428,408268,550
998,openb-pod-1434,0,inf,13064.0,20285,33166,470
999,openb-pod-1822,0,inf,10.0,17,24,810
1000,openb-pod-2946,0,inf,1217.0,2222,3221,650
1001,openb-pod-2008,0,inf,7365.0,12800,18269,320
1002,openb-pod-1905,0,inf,1542.0,2723,3781,470
1003,openb-pod-2118,0,inf,11828706.0,19315558,29091524,470
1004,openb-pod-2774,0,inf,10927584.0,16817687,28932311,470
1005,openb-pod-1730,0,inf,9750.0,18940,24322,810
1006,openb-pod-2900,0,inf,12359890.0,22544037,30498404,810
1007,openb-pod-2172,0,inf,12348721.0,22740102,30533148,810
1008,openb-pod-2677,0,inf,6936.0,11025,18125,230
1009,openb-pod-2173,0,inf,78199.0,114712,188634,550
1010,openb-pod-1574,0,inf,1474.0,2603,3649,810
1011,openb-pod-2950,0,inf,48212.0,91785,124674,160
1012,openb-pod-3078,0,inf,14.0,22,35,810
1013,openb-pod-2349,0,30905916.0,12230491.0,23275066,30322126,470
1014,openb-pod-1939,0,inf,938.0,1742,2318,810
1015,openb-pod-1667,0,inf,12199029.0,17583264,29886961,810
1016,openb-pod-3381,0,inf,12370464.0,22549003,30020062,810
1017,openb-pod-1190,0,inf,10869950.0,18552816,27393865,650
1018,openb-pod-1147,0,34942432.0,12381701.0,20552469,32051168,810
1019,openb-pod-2060,0,inf,9153.0,13323,22420,320
1020,openb-pod-1215,0,inf,27698.0,49077,68652,810
1021,openb-pod-1189,0,inf,9592964.0,18607931,24610112,320
1022,openb-pod-2742,0,inf,11602582.0,22291914,29031513,470
1023,openb-pod-2483,0,inf,11167875.0,18532644,28498655,470
1024,openb-pod-2223,0,inf,1074.0,1731,2597,810
1025,openb-pod-1923,0,inf,1016.0,1952,2555,810
1026,openb-pod-3345,0,inf,12447246.0,23767655,32893362,320
1027,openb-pod-1342,0,inf,12188967.0,18097274,31370995,810
1028,openb-pod-3395,0,inf,3189.0,6047,7676,160
1029,openb-pod-1497,0,12970.0,8831.0,13378,22849,220
1030,openb-pod-2153,0,inf,15235.0,26210,37497,320
1031,openb-pod-1963,0,inf,3161.0,4998,7777,810
1032,openb-pod-3212,0,inf,187120.0,326344,468943,810
1033,openb-pod-1838,0,inf,25559.0,43538,61685,320
1034,openb-pod-3043,0,27409.0,11166.0,20966,26874,810
1035,openb-pod-2405,0,inf,58718.0,93035,150627,810
1036,openb-pod-1267,0,16204.0,13204.0,19316,34289,320
1037,openb-pod-1902,0,inf,2175.0,4130,5604,160
1038,openb-pod-1982,0,inf,12178130.0,18417181,31028283,470
1039,openb-pod-1183,0,inf,3024.0,5414,7392,160
1040,openb-pod-2814,0,inf,7026.0,11717,18239,470
1041,openb-pod-1813,0,inf,10823.0,20158,27676,470
1042,openb-pod-2105,0,inf,11563162.0,20987930,30167959,590
1043,openb-pod-3069,0,inf,6835.0,12924,16418,650
1044,openb-pod-2804,0,inf,27916.0,55004,71506,160
1045,openb-pod-3261,0,inf,3614.0,6947,9068,160
1046,openb-pod-2056,0,inf,28866.0,57291,72238,810
1047,openb-pod-2228,0,inf,4222.0,7433,10257,650
1048,openb-pod-2792,0,inf,2598.0,4264,6343,110
1049,openb-pod-1713,0,20850248.0,9856998.0,18026204,24356912,230
1050,openb-pod-1609,0,inf,2879.0,5328,7378,160
1051,openb-pod-2319,0,inf,11463.0,20419,27916,810
1052,openb-pod-1499,0,inf,12360274.0,18116436,31719325,470
1053,openb-pod-3090,0,inf,2026.0,3479,5263,160
1054,openb-pod-2393,0,inf,12426132.0,22303367,31829429,320
1055,openb-pod-1662,0,inf,7985.0,13483,20081,470
1056,openb-pod-1615,0,inf,1561.0,2949,3821,470
1057,openb-pod-1633,0,inf,1855.0,3448,4682,460
1058,openb-pod-1541,0,inf,133432.0,197431,325946,810
1059,openb-pod-1578,0,inf,9597128.0,17593507,25110527,470
1060,openb-pod-3365,0,inf,11671808.0,17975964,29965599,230
1061,openb-pod-2134,0,inf,10013815.0,14052699,26602433,470
1062,openb-pod-2762,0,inf,1220.0,2248,3186,230
1063,openb-pod-2129,0,inf,1350.0,2645,3490,460
1064,openb-pod-2293,0,inf,12423654.0,22510601,32340709,320
1065,openb-pod-3049,0,inf,27968.0,46991,69067,220
1066,openb-pod-3122,0,inf,1796.0,2595,4356,470
1067,openb-pod-1881,0,inf,10422.0,18168,25437,810
1068,openb-pod-2675,0,inf,193496.0,349799,489481,460
1069,openb-pod-1366,0,inf,11084834.0,19614952,28864055,470
1070,openb-pod-1100,0,inf,10964703.0,19396662,26415370,470
1071,openb-pod-3097,0,inf,18457.0,35512,47790,320
1072,openb-pod-1793,0,inf,2510.0,4356,6561,110
1073,openb-pod-1255,0,inf,11790325.0,17342107,31243328,470
1074,openb-pod-3134,0,inf,12332764.0,22345464,31268950,470
1075,openb-pod-1673,0,inf,203.0,314,527,810
1076,openb-pod-3363,0,inf,12507.0,18331,32551,650
1077,openb-pod-1303,0,inf,56.0,79,137,650
1078,openb-pod-1594,0,inf,11479287.0,20727617,29961399,470
1079,openb-pod-1349,0,inf,11216885.0,20731760,27912325,470
1080,openb-pod-1243,0,inf,10519840.0,18879319,26673338,320
1081,openb-pod-2082,0,inf,10704.0,17323,27758,220
1082,openb-pod-3359,0,inf,10374972.0,18795744,25374071,470
1083,openb-pod-1953,0,inf,12274687.0,18122486,32033337,470
1084,openb-pod-2958,0,inf,12095550.0,17157910,30984194,470
1085,openb-pod-1203,0,inf,10455402.0,17444996,26054055,320
1086,openb-pod-2391,0,inf,55754.0,110285,139165,110
1087,openb-pod-2630,0,inf,2591.0,3800,6767,370
1088,openb-pod-1246,0,inf,10518979.0,15880532,26790060,320
1089,openb-pod-1364,0,inf,11679830.0,17762650,29872394,650
1090,openb-pod-3265,0,inf,1084.0,1898,2729,470
1091,openb-pod-1993,0,inf,10221456.0,18592638,26335926,230
1092,openb-pod-2225,0,inf,49516.0,84753,131514,270
1093,openb-pod-1629,0,inf,12288201.0,17868737,31977454,470
1094,openb-pod-2551,0,inf,9896.0,19443,25827,810
1095,openb-pod-1676,0,inf,152.0,280,372,810
1096,openb-pod-1830,0,inf,2828.0,4757,7206,470
1097,openb-pod-1262,0,inf,12298237.0,23943861,32483327,810
1098,openb-pod-1845,0,inf,10958845.0,20978930,26950938,470
1099,openb-pod-1639,0,inf,10523235.0,15296320,27128333,230
1100,openb-pod-2628,0,1334.0,1091.0,1633,2729,810
1101,openb-pod-2922,0,inf,9686516.0,14165073,24742236,810
1102,openb-pod-2457,0,229.0,151.0,246,394,810
1103,openb-pod-2298,0,inf,12359493.0,18078538,29805153,810
1104,openb-pod-1701,0,inf,7023.0,10208,18376,810
1105,openb-pod-3305,0,567715.0,235236.0,407090,612897,810
1106,openb-pod-2553,0,inf,1135.0,2130,2991,810
1107,openb-pod-1288,0,inf,28462.0,46122,69833,810
1108,openb-pod-2501,0,inf,1496.0,2489,3941,330
1109,openb-pod-2461,0,inf,12389813.0,18085879,30706170,810
1110,openb-pod-1582,0,inf,1550.0,2467,4075,650
1111,openb-pod-1149,0,inf,1197.0,2357,2938,460
1112,openb-pod-1151,0,inf,12181866.0,22976383,30613207,470
1113,openb-pod-2857,0,inf,10214942.0,16892609,26636945,230
1114,openb-pod-2184,0,inf,374115.0,669773,920777,110
1115,openb-pod-3279,0,inf,5456.0,9135,13335,220
1116,openb-pod-3063,0,inf,10195375.0,15287384,27091030,230
1117,openb-pod-3185,0,inf,1302.0,2292,3209,160
1118,openb-pod-1211,0,inf,1315.0,2326,3191,320
1119,openb-pod-2911,0,inf,86.0,139,217,810
1120,openb-pod-1231,0,inf,2113.0,3034,5128,470
1121,openb-pod-2368,0,inf,2898.0,4349,7384,810
1122,openb-pod-3267,0,inf,13274.0,22694,34037,810
1123,openb-pod-2982,0,inf,1072.0,1940,2804,810
1124,openb-pod-3089,0,7436.0,4294.0,7266,11360,320
1125,openb-pod-2332,0,15954564.0,10992339.0,19940583,26447633,470
1126,openb-pod-1486,0,inf,11939559.0,22420098,28704420,470
1127,openb-pod-2920,0,inf,3649.0,5504,9007,810
1128,openb-pod-2246,0,inf,4718.0,6823,11571,220
1129,openb-pod-3338,0,inf,12080276.0,21107392,32119614,470
1130,openb-pod-1220,0,inf,1216.0,2383,3223,650
1131,openb-pod-3159,0,inf,11759154.0,19188625,30977534,470
1132,openb-pod-2074,0,inf,1447.0,2777,3827,650
1133,openb-pod-3376,0,inf,3661.0,5718,9474,470
1134,openb-pod-1335,0,inf,243.0,468,593,810
1135,openb-pod-2763,0,18461649.0,10309975.0,18702775,27181585,470
1136,openb-pod-1628,0,7537.0,5365.0,9734,13168,320
1137,openb-pod-2113,0,inf,1213.0,1841,3123,230
1138,openb-pod-2135,0,inf,4928.0,9680,12483,320
1139,openb-pod-2087,0,inf,11220642.0,19066231,27585938,470
1140,openb-pod-2126,0,inf,11915491.0,22822344,31264253,470
1141,openb-pod-1712,0,inf,1123.0,1720,2875,810
1142,openb-pod-2395,0,inf,3371.0,5967,8761,650
1143,openb-pod-2863,0,inf,10014984.0,19698650,25708831,470
1144,openb-pod-1947,0,inf,9765274.0,16970488,23934048,470
1145,openb-pod-1483,0,inf,12113708.0,18707340,30643571,470
1146,openb-pod-2755,0,inf,153.0,273,373,810
1147,openb-pod-1693,0,inf,10609464.0,17820652,27778831,470
1148,openb-pod-1867,0,inf,15004.0,29608,39523,320
1149,openb-pod-1581,0,inf,14.0,26,36,590
1150,openb-pod-1330,0,inf,366.0,517,971,320
1151,openb-pod-1392,0,inf,11839065.0,17860471,30514554,470
1152,openb-pod-1623,0,inf,2324.0,3834,5751,320
1153,openb-pod-2753,0,inf,1022.0,1868,2490,650
1154,openb-pod-2231,0,inf,12431450.0,19435594,32054394,650
1155,openb-pod-1972,0,inf,11586152.0,22444460,28876703,470
1156,openb-pod-3001,0,5564.0,2323.0,3491,5938,810
1157,openb-pod-2065,0,inf,74653.0,145292,193742,810
1158,openb-pod-1301,0,inf,9753401.0,17750914,24055765,470
1159,openb-pod-1354,0,inf,201.0,282,526,810
1160,openb-pod-2712,0,935.0,397.0,670,979,810
1161,openb-pod-2404,0,inf,1854.0,2785,4883,470
1162,openb-pod-2771,0,inf,4468.0,7436,11874,470
1163,openb-pod-1326,0,24548515.0,10497376.0,20813973,26688080,160
1164,openb-pod-2783,0,inf,11698920.0,21838246,29962076,470
1165,openb-pod-1988,0,inf,1316.0,2540,3336,810
1166,openb-pod-1746,0,3444.0,1210.0,2402,2955,810
1167,openb-pod-1682,0,inf,11220067.0,22272715,29724013,650
